embedding model,accuracy,infection precision,infection recall,infection f1-score,PPI precision,PPI recall,PPI f1-score,weighted precision,weighted recall,weighted f1-score,ROC macro,ROC weighted
node2vec_structural_128_structure only,0.9090257879656161,0.6363636363636364,0.875,0.7368421052631579,0.8817204301075269,0.9318181818181818,0.9060773480662982,0.8841955863194347,0.9090257879656161,0.893340259058695,0.9706635155636034,0.9788364820843997
node2vec_structural_128_structure with content,0.9756446991404012,0.7272727272727273,1.0,0.8421052631578948,0.8953488372093024,0.875,0.8850574712643678,0.9766753650274825,0.9756446991404012,0.9758193437289021,0.9978611036079638,0.9970237598680798
node2vec_content_128_structure only,0.8810888252148997,0.8,1.0,0.888888888888889,0.6014492753623188,0.9431818181818182,0.7345132743362831,0.8872677840764911,0.8810888252148997,0.88122501692804,0.9773149635025693,0.97255790357278
node2vec_content_128_structure with content,0.9806590257879656,0.75,0.75,0.75,0.8673469387755102,0.9659090909090909,0.9139784946236559,0.9817955835507304,0.9806590257879656,0.9809191042899851,0.9979768203001551,0.9971886744503248
node2vec_unweighted_128_structure only,0.913323782234957,0.7777777777777778,0.875,0.823529411764706,0.8522727272727273,0.8522727272727273,0.8522727272727273,0.8983756156526393,0.913323782234957,0.9014790803697854,0.9782578099797814,0.9815357139025572
node2vec_unweighted_128_structure with content,0.9785100286532952,0.8888888888888888,1.0,0.9411764705882353,0.8333333333333334,0.9090909090909091,0.8695652173913043,0.9794444256202745,0.9785100286532952,0.9788147978410771,0.9979571731046205,0.996976309116057
